{
    "version": 1,
    "author": "Desy",
    "editor": "wokwi",
    "parts": [
      { "type": "board-esp32-devkit-c-v4", "id": "esp", "top": 9.6, "left": -91.16, "attrs": {} },
      {
        "type": "wokwi-resistor",
        "id": "r1",
        "top": 42.35,
        "left": 38.4,
        "attrs": { "value": "1000" }
      },
      { "type": "wokwi-led", "id": "led1", "top": -32.4, "left": 90.2, "attrs": { "color": "red" } },
      {
        "type": "wokwi-led",
        "id": "led2",
        "top": -3.6,
        "left": 147.8,
        "attrs": { "color": "limegreen" }
      },
      {
        "type": "wokwi-resistor",
        "id": "r2",
        "top": 51.95,
        "left": 86.4,
        "attrs": { "value": "1000" }
      },
      {
        "type": "wokwi-led",
        "id": "led3",
        "top": 25.2,
        "left": 195.8,
        "attrs": { "color": "yellow" }
      },
      {
        "type": "wokwi-resistor",
        "id": "r3",
        "top": 80.75,
        "left": 124.8,
        "attrs": { "value": "1000" }
      }
    ],
    "connections": [
      [ "esp:TX", "$serialMonitor:RX", "", [] ],
      [ "esp:RX", "$serialMonitor:TX", "", [] ],
      [ "r1:1", "esp:23", "green", [ "v0" ] ],
      [ "led1:C", "esp:GND.3", "green", [ "v0" ] ],
      [ "led1:A", "r1:2", "green", [ "v0" ] ],
      [ "led2:C", "esp:GND.3", "green", [ "v0" ] ],
      [ "led2:A", "r2:2", "green", [ "v0" ] ],
      [ "r2:1", "esp:22", "green", [ "v0" ] ],
      [ "led3:C", "esp:GND.3", "green", [ "v0" ] ],
      [ "led3:A", "r3:2", "green", [ "v0" ] ],
      [ "r3:1", "esp:21", "green", [ "v0" ] ]
    ],
    "dependencies": {}
  }